feature,importance
entropy_of_text,0.49929816
macro_chr_count,0.38321635
macro_max_arithmetic_ops,0.039017532
macro_max_line_length,0.035598047
remote_template_present,0.011835777
non_empty_cells,0.008376987
macro_token_count,0.006651475
max_cols,0.003658753
file_size,0.0023077447
macro_arithmetic_operator_count,0.0022027574
avg_cell_length,0.002158219
total_cells,0.0016424698
numeric_cell_count,0.0014771917
macro_line_count,0.0006989298
max_rows,0.0005470695
macro_average_line_length,0.0005124374
macro_count_parentheses,0.00022343265
uses_file_api,0.00021078871
macro_vocab_size,0.00019130879
sheet_count,9.6263844e-05
string_cell_count,7.8284436e-05
hyperlink_count,0.0
base64_pattern_count,0.0
formula_count,0.0
has_macro,0.0
hex_pattern_count,0.0
preview_image_text_entropy,0.0
macro_concatenation_count,0.0
macro_string_function_count,0.0
macro_procedure_count,0.0
deceptive_keywords_count_ocr,0.0
ocr_extracted_text_length,0.0
uses_network_api,0.0
macro_count,0.0
macro_callbyname_count,0.0
macro_comment_lines,0.0
protected_sheets_count,0.0
uses_process_api,0.0
hidden_sheets_count,0.0
merged_cells_count,0.0
rich_text_formatting_count,0.0
empty_sheet_count,0.0
named_ranges_count,0.0
macro_count_assignments,0.0
macro_max_string_literals,0.0
macro_max_concat_ops,0.0
preview_image_width,0.0
preview_image_height,0.0
